[
    {
        "iduser": 1,
        "name": "System administrator",
        "login": "sysadmin",
        "pass": "456321"
    },
    {
        "iduser": 2,
        "name": "Supervisor",
        "login": "supervisor",
        "pass": "123"
    },
    {
        "iduser": 3,
        "name": "Andrey Belov",
        "login": "Andrey Belov",
        "pass": "789654"
    },
    {
        "iduser": 4,
        "name": "Vladimir Gareev",
        "login": "Vladimir Gareev",
        "pass": "456321"
    },
    {
        "iduser": 5,
        "name": "Baurzhan Suleimen",
        "login": "Baurzhan Suleimen",
        "pass": "321789"
    },
    {
        "iduser": 6,
        "name": "Ildar Rakhmankulov",
        "login": "Ildar Rakhmankulov",
        "pass": "654123"
    },
    {
        "iduser": 7,
        "name": "Hasan Anwer Abdulsattar Hasan",
        "login": "Hasan Anwer Abdulsattar Hasan",
        "pass": "5fjwIt"
    },
    {
        "iduser": 8,
        "name": "Almohammed Ghazwan Ghanim Makttoof",
        "login": "Almohammed Ghazwan Ghanim Makttoof",
        "pass": "jnIVNG"
    },
    {
        "iduser": 9,
        "name": "Jasim Zaydoun Farhoud Jasim",
        "login": "Jasim Zaydoun Farhoud Jasim",
        "pass": "WdwvWr"
    },
    {
        "iduser": 10,
        "name": "Allmarefawi Yousif Yaqoob Yousif",
        "login": "Allmarefawi Yousif Yaqoob Yousif",
        "pass": "Uzsr1C"
    },
    {
        "iduser": 11,
        "name": "Abdullah Khalid Ahmed Abdullah",
        "login": "Abdullah Khalid Ahmed Abdullah",
        "pass": "Uz9vAC"
    },
    {
        "iduser": 12,
        "name": "Al-Nidawi Ahmed Adil Waheeb",
        "login": "Al-Nidawi Ahmed Adil Waheeb",
        "pass": "bC9rfh"
    },
    {
        "iduser": 13,
        "name": "Albuzaid Mohammed Qasim Lazim",
        "login": "Albuzaid Mohammed Qasim Lazim",
        "pass": "tNknMy"
    },
    {
        "iduser": 14,
        "name": "Al-Abboodi Ahmed Jasim Mohammed",
        "login": "Al-Abboodi Ahmed Jasim Mohammed",
        "pass": "triPT0"
    }
]