[
    {
        "iduserdep": 1,
        "iduser": 1,
        "iddep": 1,
        "idpost": 1
    },
    {
        "iduserdep": 2,
        "iduser": 2,
        "iddep": 1,
        "idpost": 3
    },
    {
        "iduserdep": 3,
        "iduser": 3,
        "iddep": 1,
        "idpost": 1
    },
    {
        "iduserdep": 4,
        "iduser": 4,
        "iddep": 1,
        "idpost": 1
    },

    {
        "iduserdep": 5,
        "iduser": 5,
        "iddep": 1,
        "idpost": 3
    },
    {
        "iduserdep": 6,
        "iduser": 6,
        "iddep": 1,
        "idpost": 3
    },
    {
        "iduserdep": 7,
        "iduser": 7,
        "iddep": 2,
        "idpost": 2
    },
    {
        "iduserdep": 8,
        "iduser": 8,
        "iddep": 2,
        "idpost": 2
    },
    {
        "iduserdep": 9,
        "iduser": 9,
        "iddep": 3,
        "idpost": 2
    },
    {
        "iduserdep": 10,
        "iduser": 10,
        "iddep": 3,
        "idpost": 2
    },
    {
        "iduserdep": 11,
        "iduser": 11,
        "iddep": 4,
        "idpost": 2
    },
    {
        "iduserdep": 12,
        "iduser": 12,
        "iddep": 4,
        "idpost": 2
    },
    {
        "iduserdep": 13,
        "iduser": 13,
        "iddep": 4,
        "idpost": 2
    },
    {
        "iduserdep": 14,
        "iduser": 14,
        "iddep": 4,
        "idpost": 2
    }
]